{"seasons":[{"displayText":"2022/23","value":"53aG0PovnyU7JBh8znKAPH","selectedValue":true},{"displayText":"2021/22","value":"1aRtiukpsT30mfTFO1FEFy","selectedValue":false},{"displayText":"2020/21","value":"B82bqtEH6b40wdPAtWwHP","selectedValue":false},{"displayText":"2019/20","value":"3eNcgcyUN5X1wGF8uLVIva","selectedValue":false},{"displayText":"2018/19","value":"3Rmys7pyR0u6ZN9VjjtLrL","selectedValue":false},{"displayText":"2017/18","value":"1zxyd8VhU9KRSOC6q6nDco","selectedValue":false},{"displayText":"2016/17","value":"1Vqz70SEfdfbquNA8UcZ39","selectedValue":false},{"displayText":"2015/16","value":"F9SlS2vjkHmna6Iwe9fir","selectedValue":false},{"displayText":"2014/15","value":"2Mcrbw0jEEkzZbfSoKAJEG","selectedValue":false},{"displayText":"2013/14","value":"70mxoCCM1AgF86JlqtzSrL","selectedValue":false},{"displayText":"2012/13","value":"3mrx3T3lusY6PKyrSLhYff","selectedValue":false},{"displayText":"2011/12","value":"6V2foENgeR6YV5bYtIZtms","selectedValue":false},{"displayText":"2008/09","value":"2Boe8JL0g9VQcPLmf10pqv","selectedValue":false}],"competitions":[{"displayText":"All Competitions","value":null,"selectedValue":true},{"displayText":"Premier League","value":"4ovcp9JVyWP9eQ2XXaWywV","selectedValue":false},{"displayText":"UEFA Champions League","value":"5mI9bUOeC0SfR0XqfEofqe","selectedValue":false}],"items":[{"competition":{"optaId":0,"title":"Premier League","logo":null},"groupName":null,"table":{"title":"English Premier League","asOf":"2022-09-26T00:00:00","rows":[{"crestUrl":"https://clublogos.stadion.io/assets/ClubLogos/Football/English/602.png","clubId":3,"position":1,"featuredTeam":false,"clubName":"Arsenal","clubShortName":"Arsenal","played":7,"goalsFor":17,"goalsAgainst":7,"points":18,"won":6,"groupId":"","groupName":"","drawn":0,"lost":1,"positionChange":"NoChange","recentForm":["W","W","W","L","W"],"rowTimestamp":"2022-09-26T00:00:00","goalDifference":"+10"},{"crestUrl":"https://clublogos.stadion.io/assets/ClubLogos/Football/English/679.png","clubId":43,"position":2,"featuredTeam":false,"clubName":"Manchester City","clubShortName":"Man City","played":7,"goalsFor":23,"goalsAgainst":6,"points":17,"won":5,"groupId":"","groupName":"","drawn":2,"lost":0,"positionChange":"NoChange","recentForm":["D","W","W","D","W"],"rowTimestamp":"2022-09-26T00:00:00","goalDifference":"+17"},{"crestUrl":"https://clublogos.stadion.io/assets/ClubLogos/Football/English/728.png","clubId":6,"position":3,"featuredTeam":false,"clubName":"Tottenham Hotspur","clubShortName":"Spurs","played":7,"goalsFor":18,"goalsAgainst":7,"points":17,"won":5,"groupId":"","groupName":"","drawn":2,"lost":0,"positionChange":"NoChange","recentForm":["W","W","D","W","W"],"rowTimestamp":"2022-09-26T00:00:00","goalDifference":"+11"},{"crestUrl":"https://clublogos.stadion.io/assets/ClubLogos/Football/English/618.png","clubId":36,"position":4,"featuredTeam":false,"clubName":"Brighton and Hove Albion","clubShortName":"Brighton","played":6,"goalsFor":11,"goalsAgainst":5,"points":13,"won":4,"groupId":"","groupName":"","drawn":1,"lost":1,"positionChange":"NoChange","recentForm":["D","W","W","L","W"],"rowTimestamp":"2022-09-26T00:00:00","goalDifference":"+6"},{"crestUrl":"https://clublogos.stadion.io/assets/ClubLogos/Football/English/680.png","clubId":1,"position":5,"featuredTeam":false,"clubName":"Manchester United","clubShortName":"Man Utd","played":6,"goalsFor":8,"goalsAgainst":8,"points":12,"won":4,"groupId":"","groupName":"","drawn":0,"lost":2,"positionChange":"NoChange","recentForm":["L","W","W","W","W"],"rowTimestamp":"2022-09-26T00:00:00","goalDifference":"0"},{"crestUrl":"https://clublogos.stadion.io/assets/ClubLogos/Football/English/654.png","clubId":54,"position":6,"featuredTeam":false,"clubName":"Fulham","clubShortName":"Fulham","played":7,"goalsFor":12,"goalsAgainst":11,"points":11,"won":3,"groupId":"","groupName":"","drawn":2,"lost":2,"positionChange":"Up","recentForm":["W","L","W","L","W"],"rowTimestamp":"2022-09-26T00:00:00","goalDifference":"+1"},{"crestUrl":"https://clublogos.stadion.io/assets/ClubLogos/Football/English/630.png","clubId":8,"position":7,"featuredTeam":true,"clubName":"Chelsea","clubShortName":"Chelsea","played":6,"goalsFor":8,"goalsAgainst":9,"points":10,"won":3,"groupId":"","groupName":"","drawn":1,"lost":2,"positionChange":"Down","recentForm":["D","L","W","L","W"],"rowTimestamp":"2022-09-26T00:00:00","goalDifference":"-1"},{"crestUrl":"https://clublogos.stadion.io/assets/ClubLogos/Football/English/676.png","clubId":14,"position":8,"featuredTeam":false,"clubName":"Liverpool","clubShortName":"Liverpool","played":6,"goalsFor":15,"goalsAgainst":6,"points":9,"won":2,"groupId":"","groupName":"","drawn":3,"lost":1,"positionChange":"Down","recentForm":["D","L","W","W","D"],"rowTimestamp":"2022-09-26T00:00:00","goalDifference":"+9"},{"crestUrl":"https://clublogos.stadion.io/assets/ClubLogos/Football/English/617.png","clubId":94,"position":9,"featuredTeam":false,"clubName":"Brentford","clubShortName":"Brentford","played":7,"goalsFor":15,"goalsAgainst":12,"points":9,"won":2,"groupId":"","groupName":"","drawn":3,"lost":2,"positionChange":"Down","recentForm":["L","D","D","W","L"],"rowTimestamp":"2022-09-26T00:00:00","goalDifference":"+3"},{"crestUrl":"https://clublogos.stadion.io/assets/ClubLogos/Football/English/688.png","clubId":4,"position":10,"featuredTeam":false,"clubName":"Newcastle United","clubShortName":"Newcastle","played":7,"goalsFor":8,"goalsAgainst":7,"points":8,"won":1,"groupId":"","groupName":"","drawn":5,"lost":1,"positionChange":"Up","recentForm":["D","D","L","D","D"],"rowTimestamp":"2022-09-26T00:00:00","goalDifference":"+1"},{"crestUrl":"https://clublogos.stadion.io/assets/ClubLogos/Football/English/671.png","clubId":2,"position":11,"featuredTeam":false,"clubName":"Leeds United","clubShortName":"Leeds","played":6,"goalsFor":10,"goalsAgainst":10,"points":8,"won":2,"groupId":"","groupName":"","drawn":2,"lost":2,"positionChange":"Down","recentForm":["D","W","L","D","L"],"rowTimestamp":"2022-09-26T00:00:00","goalDifference":"0"},{"crestUrl":"https://clublogos.stadion.io/assets/ClubLogos/Football/English/600.png","clubId":91,"position":12,"featuredTeam":false,"clubName":"Bournemouth","clubShortName":"Bournemouth","played":7,"goalsFor":6,"goalsAgainst":19,"points":8,"won":2,"groupId":"","groupName":"","drawn":2,"lost":3,"positionChange":"Up","recentForm":["L","L","D","W","D"],"rowTimestamp":"2022-09-26T00:00:00","goalDifference":"-13"},{"crestUrl":"https://clublogos.stadion.io/assets/ClubLogos/Football/English/650.png","clubId":11,"position":13,"featuredTeam":false,"clubName":"Everton","clubShortName":"Everton","played":7,"goalsFor":5,"goalsAgainst":6,"points":7,"won":1,"groupId":"","groupName":"","drawn":4,"lost":2,"positionChange":"Up","recentForm":["D","D","D","D","W"],"rowTimestamp":"2022-09-26T00:00:00","goalDifference":"-1"},{"crestUrl":"https://clublogos.stadion.io/assets/ClubLogos/Football/English/713.png","clubId":20,"position":14,"featuredTeam":false,"clubName":"Southampton","clubShortName":"Southampton","played":7,"goalsFor":7,"goalsAgainst":11,"points":7,"won":2,"groupId":"","groupName":"","drawn":1,"lost":4,"positionChange":"Down","recentForm":["W","L","W","L","L"],"rowTimestamp":"2022-09-26T00:00:00","goalDifference":"-4"},{"crestUrl":"https://clublogos.stadion.io/assets/ClubLogos/Football/English/603.png","clubId":7,"position":15,"featuredTeam":false,"clubName":"Aston Villa","clubShortName":"A Villa","played":7,"goalsFor":6,"goalsAgainst":10,"points":7,"won":2,"groupId":"","groupName":"","drawn":1,"lost":4,"positionChange":"Up","recentForm":["L","L","L","D","W"],"rowTimestamp":"2022-09-26T00:00:00","goalDifference":"-4"},{"crestUrl":"https://clublogos.stadion.io/assets/ClubLogos/Football/English/642.png","clubId":31,"position":16,"featuredTeam":false,"clubName":"Crystal Palace","clubShortName":"C Palace","played":6,"goalsFor":7,"goalsAgainst":9,"points":6,"won":1,"groupId":"","groupName":"","drawn":3,"lost":2,"positionChange":"Down","recentForm":["D","W","L","D","D"],"rowTimestamp":"2022-09-26T00:00:00","goalDifference":"-2"},{"crestUrl":"https://clublogos.stadion.io/assets/ClubLogos/Football/English/740.png","clubId":39,"position":17,"featuredTeam":false,"clubName":"Wolverhampton Wanderers","clubShortName":"Wolves","played":7,"goalsFor":3,"goalsAgainst":7,"points":6,"won":1,"groupId":"","groupName":"","drawn":3,"lost":3,"positionChange":"Down","recentForm":["L","D","D","W","L"],"rowTimestamp":"2022-09-26T00:00:00","goalDifference":"-4"},{"crestUrl":"https://clublogos.stadion.io/assets/ClubLogos/Football/English/735.png","clubId":21,"position":18,"featuredTeam":false,"clubName":"West Ham United","clubShortName":"West Ham","played":7,"goalsFor":3,"goalsAgainst":9,"points":4,"won":1,"groupId":"","groupName":"","drawn":1,"lost":5,"positionChange":"NoChange","recentForm":["L","W","D","L","L"],"rowTimestamp":"2022-09-26T00:00:00","goalDifference":"-6"},{"crestUrl":"https://clublogos.stadion.io/assets/ClubLogos/Football/English/692.png","clubId":17,"position":19,"featuredTeam":false,"clubName":"Nottingham Forest","clubShortName":"Nott'm Forest","played":7,"goalsFor":6,"goalsAgainst":17,"points":4,"won":1,"groupId":"","groupName":"","drawn":1,"lost":5,"positionChange":"NoChange","recentForm":["D","L","L","L","L"],"rowTimestamp":"2022-09-26T00:00:00","goalDifference":"-11"},{"crestUrl":"https://clublogos.stadion.io/assets/ClubLogos/Football/English/673.png","clubId":13,"position":20,"featuredTeam":false,"clubName":"Leicester City","clubShortName":"Leicester","played":7,"goalsFor":10,"goalsAgainst":22,"points":1,"won":0,"groupId":"","groupName":"","drawn":1,"lost":6,"positionChange":"NoChange","recentForm":["L","L","L","L","L"],"rowTimestamp":"2022-09-26T00:00:00","goalDifference":"-12"}]},"fullTable":false,"asOfTimestamp":null},{"competition":{"optaId":0,"title":"UEFA Champions League","logo":null},"groupName":null,"table":{"title":"Champions League","asOf":"2022-09-26T00:00:00","rows":[{"crestUrl":"https://img.chelseafc.com/image/upload/v1520628170/logos/teams/120.png","clubId":120,"position":1,"featuredTeam":false,"clubName":"Milan","clubShortName":"Milan","played":2,"goalsFor":4,"goalsAgainst":2,"points":4,"won":1,"groupId":"E","groupName":"Group E","drawn":1,"lost":0,"positionChange":"Up","recentForm":["D","W"],"rowTimestamp":"2022-09-26T00:00:00","goalDifference":"+2"},{"crestUrl":"https://clublogos.stadion.io/assets/ClubLogos/Football/394.png","clubId":394,"position":2,"featuredTeam":false,"clubName":"Dinamo Zagreb","clubShortName":"D. Zagreb","played":2,"goalsFor":2,"goalsAgainst":3,"points":3,"won":1,"groupId":"E","groupName":"Group E","drawn":0,"lost":1,"positionChange":"Down","recentForm":["W","L"],"rowTimestamp":"2022-09-26T00:00:00","goalDifference":"-1"},{"crestUrl":"https://clublogos.stadion.io/assets/ClubLogos/Football/ChelseaFC/RBSalzburg.png","clubId":857,"position":3,"featuredTeam":false,"clubName":"FC Red Bull Salzburg","clubShortName":"RB Salzburg","played":2,"goalsFor":2,"goalsAgainst":2,"points":2,"won":0,"groupId":"E","groupName":"Group E","drawn":2,"lost":0,"positionChange":"NoChange","recentForm":["D","D"],"rowTimestamp":"2022-09-26T00:00:00","goalDifference":"0"},{"crestUrl":"https://clublogos.stadion.io/assets/ClubLogos/Football/English/630.png","clubId":8,"position":4,"featuredTeam":true,"clubName":"Chelsea","clubShortName":"Chelsea","played":2,"goalsFor":1,"goalsAgainst":2,"points":1,"won":0,"groupId":"E","groupName":"Group E","drawn":1,"lost":1,"positionChange":"NoChange","recentForm":["L","D"],"rowTimestamp":"2022-09-26T00:00:00","goalDifference":"-1"}]},"fullTable":false,"asOfTimestamp":null}]}