[{"Position":1,"Club":"Arsenal","P":7,"PTS":18,"W":6,"D":0,"L":1,"GF":"+10","RF":"W W W L W","URL":"https://clublogos.stadion.io/assets/ClubLogos/Football/English/602.png"},{"Position":2,"Club":"Manchester City","P":7,"PTS":17,"W":5,"D":2,"L":0,"GF":"+17","RF":"D W W D W","URL":"https://clublogos.stadion.io/assets/ClubLogos/Football/English/679.png"},{"Position":3,"Club":"Tottenham Hotspur","P":7,"PTS":17,"W":5,"D":2,"L":0,"GF":"+11","RF":"W W D W W","URL":"https://clublogos.stadion.io/assets/ClubLogos/Football/English/728.png"},{"Position":4,"Club":"Brighton and Hove Albion","P":6,"PTS":13,"W":4,"D":1,"L":1,"GF":"+6","RF":"D W W L W","URL":"https://clublogos.stadion.io/assets/ClubLogos/Football/English/618.png"},{"Position":5,"Club":"Manchester United","P":6,"PTS":12,"W":4,"D":0,"L":2,"GF":"0","RF":"L W W W W","URL":"https://clublogos.stadion.io/assets/ClubLogos/Football/English/680.png"},{"Position":6,"Club":"Fulham","P":7,"PTS":11,"W":3,"D":2,"L":2,"GF":"+1","RF":"W L W L W","URL":"https://clublogos.stadion.io/assets/ClubLogos/Football/English/654.png"},{"Position":7,"Club":"Chelsea","P":6,"PTS":10,"W":3,"D":1,"L":2,"GF":"-1","RF":"D L W L W","URL":"https://clublogos.stadion.io/assets/ClubLogos/Football/English/630.png"},{"Position":8,"Club":"Liverpool","P":6,"PTS":9,"W":2,"D":3,"L":1,"GF":"+9","RF":"D L W W D","URL":"https://clublogos.stadion.io/assets/ClubLogos/Football/English/676.png"},{"Position":9,"Club":"Brentford","P":7,"PTS":9,"W":2,"D":3,"L":2,"GF":"+3","RF":"L D D W L","URL":"https://clublogos.stadion.io/assets/ClubLogos/Football/English/617.png"},{"Position":10,"Club":"Newcastle United","P":7,"PTS":8,"W":1,"D":5,"L":1,"GF":"+1","RF":"D D L D D","URL":"https://clublogos.stadion.io/assets/ClubLogos/Football/English/688.png"},{"Position":11,"Club":"Leeds United","P":6,"PTS":8,"W":2,"D":2,"L":2,"GF":"0","RF":"D W L D L","URL":"https://clublogos.stadion.io/assets/ClubLogos/Football/English/671.png"},{"Position":12,"Club":"Bournemouth","P":7,"PTS":8,"W":2,"D":2,"L":3,"GF":"-13","RF":"L L D W D","URL":"https://clublogos.stadion.io/assets/ClubLogos/Football/English/600.png"},{"Position":13,"Club":"Everton","P":7,"PTS":7,"W":1,"D":4,"L":2,"GF":"-1","RF":"D D D D W","URL":"https://clublogos.stadion.io/assets/ClubLogos/Football/English/650.png"},{"Position":14,"Club":"Southampton","P":7,"PTS":7,"W":2,"D":1,"L":4,"GF":"-4","RF":"W L W L L","URL":"https://clublogos.stadion.io/assets/ClubLogos/Football/English/713.png"},{"Position":15,"Club":"Aston Villa","P":7,"PTS":7,"W":2,"D":1,"L":4,"GF":"-4","RF":"L L L D W","URL":"https://clublogos.stadion.io/assets/ClubLogos/Football/English/603.png"},{"Position":16,"Club":"Crystal Palace","P":6,"PTS":6,"W":1,"D":3,"L":2,"GF":"-2","RF":"D W L D D","URL":"https://clublogos.stadion.io/assets/ClubLogos/Football/English/642.png"},{"Position":17,"Club":"Wolverhampton Wanderers","P":7,"PTS":6,"W":1,"D":3,"L":3,"GF":"-4","RF":"L D D W L","URL":"https://clublogos.stadion.io/assets/ClubLogos/Football/English/740.png"},{"Position":18,"Club":"West Ham United","P":7,"PTS":4,"W":1,"D":1,"L":5,"GF":"-6","RF":"L W D L L","URL":"https://clublogos.stadion.io/assets/ClubLogos/Football/English/735.png"},{"Position":19,"Club":"Nottingham Forest","P":7,"PTS":4,"W":1,"D":1,"L":5,"GF":"-11","RF":"D L L L L","URL":"https://clublogos.stadion.io/assets/ClubLogos/Football/English/692.png"},{"Position":20,"Club":"Leicester City","P":7,"PTS":1,"W":0,"D":1,"L":6,"GF":"-12","RF":"L L L L L","URL":"https://clublogos.stadion.io/assets/ClubLogos/Football/English/673.png"}]